loc_id,location
328,New Delhi
329,Delhi
330,Aizawl (Mizoram)
331,Jammu & Kashmir
332,NULL
333,Hyderabad
334,National Capital Territory of Delhi (NCTD)
335,Itanagar
336,Goa
337,UT of Chandigarh
338,Pondicherry
339,Ladakh
340,Port Blair
341,Lakshadweep
342,Arunachal Pradesh
343, Arunachal Pradesh
344,Andaman & Nicobar Islands
345,Daman & Diu and Dadra & Nagar Haveli.
346,Kashmir
347,Mizoram
348,Geneva
349,North East Delhi
350,South Delhi
351,Jammu
352,Andamans(South Andaman)
353,UT of Ladakh
354,Central Delhi
355,Bandipora
356,West Delhi
357,Srinagar
358,Lunglei (Mizoram)
359,Serchhip (Mizoram)
360,Diu
361,North West Delhi
362,Ramban
363,Poonch
364,Daman
365,Udhampur
366,Kishtwar
367,Kargil
368,Lohit (Aru. Pradesh)
369,Kathua
370,Bomdila
371,Kupwara
372,Leh ( Ladakh)
373,North Delhi
374,Baramulla
375,Shopian
376,Nicobar
377,North and Middle Andaman
378,Doda
379,South West Delhi
380,South Goa
381,Dadra Nagar Haveli
382,Tirap (Aru. Pradesh)
383,Kapashera
384,South
385,Najafgarh
386,Karaikal (Pondi)
387,Khanvel Dadra & Nagar Haveli
388,Changlong (Aru. Pradesh)
389,Mussorrie
390,Velagapudi
391,Department of Defence
392,A.P. Secretariat
393,M/o Commerce & Industry
394,Vijayawada
395,Guntur District
396,N.A.
397,Intercadre Deputation to Telangana
398,Intermediate Education
399,Food & Civil Supplies Department
400,Women Development & Child Welfare
401,Boilers & Insurance Medical Services Department
402,Social Welfare
403,Collegiate Edu
404,M/o Petroleum & Natural Gas
405,APIIC
406,AP Township and Infrastructure Development Corporation
407,Labour
408,AP Medical Services & Infrastrure Development Corporation (APMSIDC)
409,Fisheries
410,Endowments
411,AP CRDA
412,Panchayati Raj & Rural Dev Deptt
413,AP Civil Supplies Corporation
414,State Institute of Rural Development
415,Andhra Pradesh
416,Health & Family Welfare
417,Swachh Andhra Corporation
418,APGENCO
419,Nellore District
420,Municipal Administration
421,Vishakapatnam
422,YSR District
423,Eluru District
424,Vizinagaram District
425,Srikakulam District
426,Anakapalli District
427,Dr. B.R. Ambedkar Konaseema District
428,"Kakinada District,"
429,Chittoor District
430,Ongole
431,Tirupati
432,AP State Housing Corpn Ltd
433,Chief Commissioner of Land Administration
434,Bapatla District
435,Krishna District
436,Deptt.
437,Alluri Sitharamaraju District
438,Parvathipuram Manyam District
439,Rajahmundry
440,AP Backward Classes Co-op Finance Corpn
441,Ananthapuramu District
442,Bheemavaram
443,Sri Satya Sai District
444,Nandyal District
445,Kadapa
446,Dr. YSR Arogyasri Health Care Trust
447,Annamayya District
448,Srikakulam
449,AP Tribal Welfare Residential Educational Institutions Society (Gurukulams)
450,Survey of Villages Abadi & mapping with Improvised Technology in Village
451,Tribal Welfare Deptt
452,West Godavari District
453,Tirumala
454,Guntur
455,AP Social Welfare Residential Educational Institutions Society (APSWREIS)
456,A.P. Vaidya Vidhana Parishad
457,Palnadu District
458,NTR District
459,Employment & Training
460,Revenue (DM)
461,Prakasam District
462,Polavaram Irrigation Project
463,Sports Auithority of Andhra Pradesh (SAAP)
464,Urban Jagananna Saswatha Bhu Hakku Mariyu Bhu Raksha
465,Backward Classes Welfare
466,Pulivendula Area Development Authority (PADA)
467,Infrastructure Corporation of Andhra Pradesh (INCAP)
468,Kurnool
469,Anantapur
470,Kurnool District
471,B.R. Ambedkar Konaseema District
472,Rampachodavaram
473,Seethampet
474,Sarva Siksha Abhiyan (SSA)
475,O/o Commissioner of Survey Settlements & Land Records
476,East Godavari District
477,A.P. Urban Finance Infrastructure Development Corporation (APUFIDC)
478,A.P.SC Cooperative Finance Corporation
479,Paderu
480,Machilipatnam
481,Parvathipuram
482,Mid-day Meals and School Sanitation
483,CRDA
484,Nellore
485,Alluriseetharama Raju District
486,Mid Day Meals
487,Tirupati Municipal Corporation
488,K R Puram
489,Meghalaya
490,MSME Corporation
491,Chittoor
492,Alluri Sitarama Raju District
493,SPSR Nellore District
494,Penukonda Sub-Division
495,East Distt Collectorate
496,Kadapa District
497,M/o Home Affairs
498,Assam
499, India
500, Meghalaya
501,River Development & Ganga Rejuvenation
502,Mumbai
503,Rome
504,M/o Tourism
505, Mehalaya
506,Animal Husbandry and Dairying
507,Nalbari (Assam)
508,M/o Jal Shakti
509,D/o Finance
510,D/o Personnel
511,Karbi Anglong (Assam)
512,Home & Political Deptt.
513,School Edu Deptt
514,Power (E) Deptt.
515,Morigaon
516,Health & Family Walfare Deptt
517,Panchayat & Rural Dev Deptt
518,Animal Husbandry & Veterinary Department
519,Goalpara (Assam)
520,Pension & Public Grievances Departments
521,Revenue & Disaster Management Department
522,School Education Department
523,Parliamentary Affairs Deptt
524,Fisheries Deptt
525,Hill Areas Deptt
526,Finance Department
527,Excise Department
528,Social Justice & Empowerment Department
529,Women & Child Development Department
530,Information & Public Relation Deptts
531,Kamrup (Assam)
532,Dibrugarh (Assam)
533,Udalguri (Assam)
534,Cachar (Assam)
535,Kamrup Metro (Assam)
536,Barpeta (Assam)
537,Nagaon (Assam)
538,Golaghat (Assam)
539,Karimganj (Assam)
540,Dhubri (Assam)
541,Tinsukia (Assam)
542,Sivasagar (Assam)
543,Kokrajar (Assam)
544,South Salmara (Assam)
545,Lakhimpur (Assam)
546,Gossaigaon ( Assam)
547,Margherita
548,"Baksa,"
549,Bihar
550,M/o Social Justice & Empowerment
551,Patna
552,M/o Youth Affairs & Sports
553,Bihar State Planning Bd.
554,Rajya Sabha Sectt
555,Sports and Youth Affairs Deptt.
556,P M O
557,Public Grievances & Pensions
558,M/o Drinking Water & Sanitation
559,Gaya
560,Agriculture Department
561,Commercial Taxes
562,Chapra
563,Chief Ministers Sectt
564,BC & EBC Welfare Deptt.
565,Darbhanga
566,M/o New & Renewable Energy
567,Ministry of Commerce and Industry
568,Consolidation Deptt
569,Muzaffarpur
570,Revenue & Land Reforms Deptt
571,Purnea
572,Munger
573,Minor Water Resources Deptt
574,Sugarcane Deptt
575,West Champaran
576,M/o Finance
577,Bhojpur
578,Lakhisarai
579,Begusarai
580,Sheohar
581,Election Deptt.
582,Nawadah
583,Secondary Education
584,Disaster Mgmt
585,Mines & Geology
586,Bih Public Service Commn (BPSC)
587,Jamui
588,Planning and Statistics Department
589,Rohtas
590,Supaul
591,PHE Deptt.
592,Araria
593,Madhubani
594,Aurangabad
595,Board of Revenue
596,Samastipur
597,Bhagalpur
598,Gopalganj
599,Nalanda
600,Khagaria
601,Vaishali
602,East Champaran
603,Kishanganj
604,Saran
605,Kaimur
606,Sheikhpura
607,Sitamarhi
608,Buxar
609,Jehanabad
610,Katihar
611,Arwal
612,Siwan
613,Banka
614,Saharsa
615,bihar
616,Cultural Affairs Deptt
617,Commercial Tax Deptt.
618,Building Construction Deptt
619,Madhepura Bihar
620,Motihari
621,Sonepur
622,Bagha
623,Patna Sadar
624,Biharsharif
625,Danapur
626,Rosera
627,Chhattisgarh
628,Family Welfare & Medical Edu Deptt
629,Panchayat & Rural Dev. Dept.
630,M/o Electronics and Information Technology
631,M/o Education
632,D/o Forest
633,M/o Agriculture & Farmers Welfare
634,Prasar Bharati Board
635,D/o Land Resources
636,Prime Ministers Office
637,Agriculture and Farmers Welfare Department
638,NITI Aayog
639,Higher Education Department
640,D/o Rural Development
641,Water Resources
642,Raipur
643,"C.G. Govt.,"
644,Bilaspur (CG)
645,Transport
646,"Civil Supplies & consumers protection,"
647,PG Redressal Deptt
648,Chattisgarh
649,Chennai
650,Women & Child Dev
651,PHE
652,SC/ST Dev Corpn
653,Home
654,Cooperative Deptt.
655,Durg
656,School Education
657,M/o Cooperation
658,Sarguja
659,"Firm & Societies,"
660,Housing & Env Deptt
661,Manendragarh-Chimiri-Bharatpur
662,Jagdalpur
663,Finance Deptt
664,Kanker
665,Registration and Stamps
666,Korba
667,Bilaspur
668,Rajnandgaon
669,Mineral Resources Deptt
670,Raigarh
671,Road Development Corporation
672,District Bemetara
673,Land Records
674,Warehousing Corporation Ltd.
675,Kondagaon
676,Balodabazar-Bhatapara
677,National Health Mission
678,C.G. Govt.
679,Kabeerdham
680,"District Balrampur-Ramanujganj,"
681,Public Service Commission
682,CG Infotech Promotional Society (CHIPS)
683,Agriculture
684,Samagra Shiksha
685,Surajpur
686,Ayush
687,Narayanpur
688,Panchayat & Rural Dev
689,Dantewada
690,Culture & Tourism
691,Bijapur
692,General Administration Department
693,Surguja
694,Janjgir-Champa
695,Balod
696,Dhamtari
697,Economics & Statistics Deptt
698,Mahasamund
699,Bastar
700,Sukma
701,Sakti
702,Jashpur
703,Mungeli
704,Koriya
705,Public Works
706,Vety Services Deptt
707,District Gaurela pendra Marwahi
708,Agriculture Deptt
709,Zila Panchayat
710,National Rural Livelihood Mission
711,Municipal Corporation
712,Gariaband
713,Balrampur
714,Bemetara
715,Distt. Kanker
716,Gandhinagar
717,Tamil Nadu
718,Vadodara
719,U.S.A.
720,Ahmedabad
721,Surat
722,Jamnagar
723,Narmada-Rajpipla
724,Devbhumi Dwarka - Khambhalia
725,Mehsana
726,Dangs-Ahwa
727,Mahisagar
728,Rajkot
729,Kheda-Nadiad
730,Bhavnagar
731,Porbandar
732,Morbi
733,Gir Somnath
734,Kutch-Bhuj.
735,Bharuch
736,Junagadh
737,Surendranagar
738,Sabarkhantha-Himatnagar
739,Tapi-Vyara
740,Devbhumi Dwarka
741,Chhotaudepur
742,Valsad
743,Navsari
744,Dahod
745,Godhra
746,Patan
747,Banaskantha-Palanpur
748,Arvalli-Modasa
749,Botad
750,Panchmahals-Godhra
751,Anand
752,Amreli
753,"Lunawada,Mahisagar"
754,Mandavi-Surat
755,Vansda-Navsari
756,Songadh - Tapi
757,Sabarkantha
758,Viramgam-Ahmedabad
759,Anjar - Kutch
760,Suigam - Banaskantha
761,Kheda
762,Chotila - Surendranagar
763,Shehra - Panchmahal
764,Patadi-Surendranagar
765,Modasa - Arvalli
766,Banaskantha
767,Haryana
768,Bangalore
769,M/o Steel
770,Chandigarh
771,Panchkula
772,Ambala
773,Faridabad
774,Rohtak
775,Gurugram
776,Hisar
777,M/o Heavy Industries & Pub Enterprises
778,Food & Public Distribution
779,Manesar
780,Karnataka
781,Palwal
782,Fatehabad
783,Yamuna Nagar
784,Jhajjar
785,Sirsa
786,Charkhi Dadri
787,Panipat
788,Sonepat
789,Karnal
790,Mahendragarh
791,Rewari
792,Kurukshetra
793,Jind
794,Kaithal
795,Bhiwani
796,Nuh
797,Bahadurgarh
798,South Gurugram
799,Naraingarh
800,Badshahpur
801,Jagadhri
802,Kalka
803,Narnaund
804,Ambala Cantt.
805,Himachal Pradesh
806,Shimla
807,Mandi (HP)
808,Kangra
809,Una
810,Hamirpur (HP)
811,Solan
812,Bilaspur (HP)
813,Kullu
814,Chamba
815,Sirmaur
816,Dharamsala
817,Lahaul & Spiti
818,Bharmour
819,Nurpur
820,Nalagarh
821,Jharkhand
822,M/o Tribal Affairs
823,Ranchi
824,Chaibassa
825,Dhanbad
826,Hazaribag
827,Medininagar
828,Dumka
829,Jamshedpur
830,Lohardaga
831,Garhwa
832,Khunti
833,Seraikela Kharaswan
834,Chatra
835,Jamtara
836,Godda
837,Pakur
838,Simdega
839,Palamu
840,Bokaro
841,Giridih
842,Gumla
843,Koderma
844,Latehar
845,Ramgarh
846,Deoghar
847,Sahibganj
848,East Singhbhum
849,Chakradharpur
850,West Singhbhum(Chaibassa)
851,Mussoorie
852,Bengaluru
853,Cochin
854,Manila Philippines
855,Davanagere
856,LBSNAA Mussoorie
857,Kalaburagi
858,Public Grievances and pensions (LBSNAA)
859,Belagavi
860,Chikkaballapur
861,Chikkamagaluru
862,Kolar
863,Karwar
864,Bagalkot
865,Hassan
866,Dharwad District
867,Shivamogga
868,Mysuru
869,Ramanagara
870,Mangaluru
871,Raichur
872,Madikeri
873,Bidar
874,Gadag
875,Vijayanagara District
876,Chitradurga
877,Tumakuru
878,Chamarajanagara
879,Koppal
880,Ballari
881,Dharwad
882,Haveri
883,Udupi
884,Vijayapura
885,Hubballi
886,Yadgir
887,Mandya
888,Kodagu
889,Tumkur
890,Vijanagara District
891,Uttara Kannada District
892,Shivamogga District
893,Kodagu District
894,chikkamagaluru Sub-Division
895,Dakshina Kannada District
896,Dakshina Kannada
897,Gulbarga
898,Housing and Urban Affairs
899,Kerala
900,M/o Textiles
901,Manila
902,Shipping and Waterways
903,Industries Deptt
904,Co-operation Deptt
905,Transport Deptt
906,Local Self Govt Deptt
907,Punjab
908,Cen Bd of Film Certification
909,Civil Supplies & Consumer Affairs Deptt
910,Revenue Department
911,Kudumbasree
912,Footwear Design & Dev Instt (FDDI)
913,Idukki
914,Backward Classes Welfare Deptt.
915,palakkad
916,Wayanad
917,Thrissur
918,Thiruvananthapuram
919,Ernakulam
920,Kottayam
921,Kasargod
922,Pathanamthitta
923,Alappuzha
924,Malappuram
925,Kollam
926,Leave
927,Kannur
928,Kozhikkode
929,GAD
930,Kerala State IT Mission
931,MGNREGA
932,Thiruvalla
933,Kanhangad
934,Thalassery
935,Mananthavady
936,Perinthalmanna
937,Ottappalam
938,Devikulam
939,Fort Kochi
940,(Addl. Charge)
941,& BGTR Deptt. & NRI Deptt.
942,Forest Deptt.& Horticulture & Food Processing Deptt. (Addl.Chrg)
943,Bhopal (Addl.Charge)
944,Gwalior
945, M.P. Panchayat & Rural Dev. Dept
946,& Nomadic & Semi-Nomadic Tribe Deptt. (Addl.Charge)
947,Cottage & Rural Industries Dept.
948,Bhopal
949,Energy Deptt. & New & Rene. Energy Deptt. & OSD-cum-Comm. New Rene. Energy
950,Legislative Affairs Deptt. (Only Election Work)
951,New Delhi (Addl. Charge)
952,MP Tourism Development Board
953,Department of Agriculture and Farmers Welfare
954," M.P.,jail Deptt. (Addl. Charge)"
955,M.P. Gwalior
956,Water Resources Deptt
957,Animal Husbandry and Dairying Deptt. (Addl.Charge)
958,Economics & Stats. Deptt.
959,"Public Relations M.P.,Bhopal & MD,M.P. Madhyam"
960,Gwalior (Addl. Charge)
961,"M.P. Bhopal (Addl. Charge) & Ex-officio,Secy. M.P. Revenue Deptt."
962,Ujjain
963,& Ex. Officio Secretary  M.P. Finance Deptt.
964,Water Resources Deptt. (Addl. Charge)
965,M.P. Financial Corp. Indore (Addl.Charge)
966,Bhopal (Addl.charge)
967,Public Health & Family Welfare Deptt.
968,Shahdol (Addl. Charge)
969,Indore
970,M.P. Bhopal (Addl.Charge)
971,Nomadic & Semi-Nomadic Tribe Deptt.
972,Jabalpur
973,Morena (Addl.Charge)
974,Kamarajar Port Limited
975,Water Resources Department
976,Urban Development & Housing Deptt.
977,& Addl. Secy.  M.P. Transport Deptt. (Addl.Charge)
978,Registrar General and Census Commissioner of India
979,(Only Election Work)
980,Addl. Secy.  M.P. Cultural Deptt.
981,Sagar
982,State Co-operative Oil Fed. Bhopal from (Addl. Charge)
983,MP State Civil Supplies Corp. Bhopal
984,Nabarangpur
985,Home Deptt
986,& NVDA
987,General Admin Deptt
988,Shahdol
989,MP Bhopal & Ex-off. Addl.Secy. GoMP. School Edu. Deptt
990,Law & Legislative Affairs Deptt. (Only Election Work)
991,"Small & Medium Enterprises Deptt.,"
992,& Ex-officio Addl. Secretary.  M.P. New & Renewable Energy Deptt.
993,"M.P.,Bhopal"
994,Guna
995,Khargone
996,Madhya Pradesh
997,Ratlam
998,Samagra Samajik Surakasha Mission (Addl.Charge)
999,Morena
1000,Rewa
1001,Bhopal (Addl. Charge)
1002,Hoshangabad
1003,Datia
1004,Gwalior (Addl.Charge)
1005,Panna
1006,Forest Deptt
1007,Bhind
1008,Shivpuri
1009,Sheopur
1010,Chhindwara
1011,Vidisha
1012,Horticulture & Food Processing Dept.
1013,EPCO (Addl.Charge)
1014,Neemuch
1015,"State Medicinal Plant Board,Bhopal"
1016,Urban Development & Urban Housing Department
1017,Labour Deptt
1018,Indore (Addl. Charge)
1019,Narmadapuram
1020,M.P.
1021, M.P. Environment Deptt
1022,Sehore
1023,Satna
1024,Barwani
1025,& Ex-officio Dy. Secy.  M.P. Mining Deptt.
1026,Administration and Mining (Addl.Charge)
1027,Tikamgarh
1028,Ashok Nagar
1029,Agriculture Welfare and Agriculture Development Deptt.
1030,Raisen
1031,Singrolli
1032,Agar-Malwa
1033,Betul
1034,Rajgarh
1035,Harda
1036,Skill Development & Employment Deptt.
1037,Dhar
1038,Damoh
1039,Balaghat
1040,Khandwa
1041,Animal Husbandry & Dairy Deptt.
1042,Chhatarpur
1043,Dindori
1044,Mauganj
1045,"Tribal Affairs Deptt.,(Addl. Chrg.)"
1046, M P
1047,Shajapur
1048,Mandla
1049,Katni
1050,Narsinghpur
1051,Seoni
1052,Sidhi
1053,Niwari
1054,Burhanpur
1055,Dewas
1056,Jhabua
1057,Anuppur
1058,Science & Technology Department
1059,Mandsaur
1060,Environment Deptt
1061,Maihar
1062,Umaria
1063,Text Book Corp.
1064,Alirajpur
1065,Pandurna
1066,Urban Dev and Housing Department
1067,Public Works Department
1068,Public Works Deptt (PWD)
1069,Sport and Youth Welfare Deptt. (Addl. Charge)
1070,Singrauli
1071,Cooperation Deptt
1072,Public Health & Family Welfare Deptt
1073,Public Health & Welfare Deptt.
1074,Higher Education Deptt.
1075,Badwani
1076,Tribal Affairs Department
1077,Jabalpur (Addl. Charge)
1078,Chief Secretary Office
1079,Skill Dev. & Employment Deptt.
1080,Washington DC
1081,Navi Mumbai
1082,Pune
1083,Nagpur
1084,Amravati
1085,Nashik
1086,Chhatrapati Sambhaji Nagar
1087,Thane
1088,Mumbai Sub Urban
1089,Solapur
1090,Raigad
1091,Hingoli
1092,PALGHAR
1093,Kolhapur
1094,Beed
1095,Ratnagiri
1096,Gadchiroli
1097,Ahmednagar
1098,Parbhani
1099,Sindhudurg
1100,Akola
1101,Mumbai City
1102,Latur
1103,Gondia
1104,Nanded
1105,Bhandara
1106,Satara
1107,Nandurbar
1108,Sangli
1109,Bhayander
1110,VIRAR
1111,Jalgaon
1112,Dharashiv
1113,Chandrapur
1114,Washim
1115,Wardha
1116,Buldhana
1117,Jalna
1118,Yavatmal
1119,Kalyan
1120,Dhule
1121,Manipur
1122,M/o Dev of North Eastern Region
1123,M/o Commerce Industry
1124,M/o Health & Family Welfare
1125,Brussels Belgium
1126,Imphal
1127,Tourism
1128,Power Deptt
1129,M/o Information & Broadcasting
1130,M/o Housing & Urban Affairs
1131,Ukhrul (Manipur)
1132,Higher & Tech Edu Deptt
1133,Commerce & Industries Deptt.
1134,Chandel
1135,Bishnupur (Manipur)
1136,manipur
1137,Department of Personnel
1138,Personnel Deptt
1139,Kangpokpi
1140,Sericulture Deptt
1141,Youth Affairs & Sports Deptt
1142,Senapati (Manipur)
1143,Nagaland
1144,M/o Road Tpt & Highways
1145,M/o Electronics & IT
1146,Nagaland Govt.
1147,M/o Defence
1148,Cabinet Secretariat
1149,Rural Dev
1150,Science & Technology
1151,School Education Deptt.
1152,Minority Affairs Deptt
1153,Dimapur
1154,Evaluation and Monitoring
1155,Horticulture
1156,Kohima
1157,Wokha
1158,Chumoukedima
1159,Mon
1160,Zunheboto
1161,Peren
1162,Longleng
1163,Tseminyu
1164,Mokokchung
1165,Bhubaneswar
1166,Odisha Bhubaneswar
1167,Berhampur
1168,Tokyo (Japan)
1169,Sambalpur
1170,Odisha
1171,Puri
1172,Coonoor
1173,Cuttack
1174,Nayagarh
1175,odisha Bhubaneswar
1176,Keonjhar
1177,Khorda
1178,Mayurbhanj
1179,Gajapati
1180,Food Supplies & Consumer Welfare Deptt
1181,Bargarh
1182,Sundargarh
1183,Bolangir
1184,Rayagada
1185,Angul
1186,Jajpur
1187,Boyanika
1188,Koraput
1189,Jharsuguda
1190,Jagatsinghpur
1191,Kendrapara
1192,Ganjam
1193,Malkangiri
1194,Bhadrak
1195,Balasore
1196,Kandhamal
1197,Deogarh
1198,Nuapada
1199,Kalahandi
1200,Rourkela
1201,Nawarangpur
1202,Padampur
1203,Kuchinda
1204,Baliguda
1205,G.A & P.G Department
1206,M/o Minorities Affairs Deptt.
1207,Mahatma Gandhi State Instt.of Public Admin
1208,Sports & Youth Services Deptt
1209,Freedom Fighters Deptt
1210,Revenue and Rehabilitation
1211,Animal Husbandry & Dairying Deptt
1212,Statistics & Programme Implementation Deptt.
1213," Punjab,"
1214,Employment Generation and Training
1215,NRI Affairs
1216,Technical Edu & Industral Training
1217,Parliamentary Affairs
1218,Jails Deptt
1219,Home Affairs & Justice Deptt
1220,","
1221,M/o Helath & Family Welfare
1222, Punjab
1223,Cabinet Secreatriat
1224,Ferozepur
1225,NIFT
1226,Patiala
1227,Cooperation
1228,Health and Family Welfare Department
1229,Planning Deptt
1230,Social Justice & Empowerment
1231,Faridkot
1232,Industries & Commerce
1233,Department of Promotion of Industry & Internal Trade
1234,Information Technology
1235,Amritsar
1236,M/o Power
1237,Central Deputation
1238,Punjab State Industrial Dev Corpn (PSIDC)
1239,Ludhiana
1240,Moga
1241,Fazilka
1242,Bathinda
1243,Jalandhar
1244,Saheed Bhagat Singh Nagar
1245,Fatehgarh Sahib
1246,Pathankot
1247,Barnala
1248,Hoshiarpur
1249,Gurdaspur
1250,Roop Nagar
1251,Sangrur
1252,Mansa
1253,SAS Nagar
1254,Tarn Taran
1255,Malerkotla
1256,Kapurthala
1257,Phagwara
1258,Industries and Commerce Deptt.
1259,Milkfed
1260,"SAS Nagar,Mohali"
1261,Ludhiana (West)
1262,Vigilance Deptt
1263,Amritsar-II
1264,Jaipur
1265,Ajmer
1266,M/o Chemicals & Fertilizers
1267,Brussels (Belgium)
1268,Banswara
1269,Coimbatore(TN)
1270,Jodhpur
1271,Bikaner
1272,Kota
1273,Bharatpur
1274,Udaipur
1275,Sikar
1276,Pali
1277,Jaipur (Rural)
1278,Kekri
1279,Balotra
1280,Baran
1281,Dholpur
1282,Hanumangarh
1283,Alwar
1284,Churu
1285,Shahpura
1286,Jodhpur Rural
1287,Jaisalmer
1288,Jhalawar
1289,Sri Ganganagar
1290,Dungarpur
1291,Anupgarh
1292,Neem Ka Thana
1293,Barmer
1294,Chittorgarh
1295,Kotputli-Behror
1296,Sawai Madhopur
1297,Karauli
1298,Dausa
1299,Sirohi
1300,Bhilwara
1301,Khairthal-Tijara
1302,Jhunjhunu
1303,Rajsamand
1304,Jalore
1305,Sanchore
1306,Pratapgarh
1307,Gangapur City
1308,Deedwana-Kuchaman
1309,Deeg
1310,Tonk
1311,Phalodi
1312,Dudu
1313,Salumber
1314,Nagaur
1315,Bundi
1316,Beawar
1317,Mount Abu ( Sirohi)
1318,Girwa (Udaipur)
1319,Kishangarh Bas (Khairthal-Tijara)
1320,Beawer (Ajmer)
1321,Mines & Geology Deptt
1322,M/o Culture
1323,Sikkim
1324, Sikkim
1325,M/o Food Processing Industries
1326,D/o Urban Dev
1327,"D/o Agriculture,"
1328,Gangtok
1329,LR&DM Deptt.
1330,East Sikkim
1331,Land Revenue & DM Deptt
1332,Namchi
1333,Kanniyakumari District
1334,On Leave
1335,Tiruvarur
1336,"District Rural Development Agency,"
1337,Pudukkottai
1338,Kancheepuram
1339,Government of Telangana
1340,Dr. MCRHRDI and E.O. Spl. Chief Secy. to Govt.
1341,CT & Endowments Dept.
1342,Revenue (DM) deptt
1343,ITE & C Deptt.
1344,Elections
1345,YAT&C Deptt
1346,Land Revenue & Registration
1347,Municipal Admn & Urb Dev Deptt
1348,SCCL
1349,Energy Department
1350,H & F.W Deptt.
1351,GoI
1352,O/o CEO
1353,Prohibition & Excise
1354,Telangana Public Service Commission
1355,Sangareddy
1356,SC Commission
1357,Public Enterprises Deptt.
1358,TR & B Deptt.
1359,Siddipet
1360,GHMC
1361,Handloom & Textiles Deptt
1362,Nizamabad
1363,Telangana State Biodiversity Board
1364,Sports Deptt
1365,Mahabubabad
1366,Intermediate Board
1367,Jangoan
1368,Youth Services Deptt
1369,AIDS Control Society
1370,Education Deptt
1371,TS Pollution Control Board
1372,TRANSCO
1373,GA (I&PR) Department
1374,Medchal-Malkajgiri
1375,Rajanna-Siricilla
1376,Agri & Cooperation Deptt
1377,Vikarabad
1378,Mahabubnagar
1379,PR & RD Deptt.
1380,TS Foods
1381,Jagitial
1382,Suryapet
1383,Nirmal
1384,Mancherial
1385,Bhadradri-Kothagudem
1386,TS Christian Minorities Finance Corporation
1387,Kamareddy
1388,Peddapalli
1389,Jagtial
1390,Mulugu
1391,Khammam
1392,Kumrambheem-Asifabad
1393,TSWREIS & TTWREIS
1394,Warangal
1395,Nalgonda
1396,Utnoor
1397,Adilabad
1398,Rangareddy
1399,Eturunagaram
1400,Jogulamba-Gadwal
1401,Narayanpet
1402,Karimnagar
1403,Hanamkonda
1404,Jangaon
1405,Jayashankar-Bhupalapally
1406,Tripura
1407,Tripura.
1408,Dharmanagar.
1409,TW(TRP+PTG) Deptt.
1410,West Tripura
1411,Bishramganj Tripura
1412,Agartala.
1413,South Tripura
1414,Dhalai (Tripura)
1415,Khowai Distt. Tripura
1416,Gomati Distt. Tripura
1417,UT of J&K
1418,Dhalai Distt. Tripura
1419,Dharma Nagar
1420,North Tripura
1421,Khowai
1422,South Tripura Distt.
1423,Uttar Pradesh
1424,U.P.
1425,Lucknow
1426,N.C.R Ghaziabad
1427,Aligarh
1428,Kanpur
1429,Azamgarh
1430,Agra
1431,Kanpur Nagar
1432,Greater Noida
1433,Allahabad
1434,Faizabad
1435,Noida
1436,Gonda
1437,Varanasi
1438,Meerut
1439,Saharanpur
1440,Jhansi
1441,Mirzapur
1442,Bareilly
1443,Gorakhpur
1444,Chitrakoot
1445,Basti
1446,Jaunpur
1447,Mainpuri
1448,Deoria
1449,Banda
1450,Bahraich
1451,Kaushambi
1452,Gautam Budh Nagar
1453,Ballia
1454,Mathura
1455,Ghaziabad
1456,Moradabad
1457,Kasganj
1458,Muzaffarnagar
1459,Lakhimpur Kheri
1460,Auraiya
1461,Firozabad
1462,Sonbhadra
1463,Pilibhit
1464,Bijnor
1465,Fatehpur
1466,Mau
1467,Farukhabad
1468,Amethi
1469,Amroha
1470,Kushinagar
1471,Shahjahanpur
1472,Bulandshahar
1473,Hardoi
1474,Jalaun
1475,Unnao
1476,Ghazipur
1477,Barabanki
1478,Sitapur
1479,Rae Bareli
1480,Rampur
1481,Baghpat
1482,Kanpur Dehat
1483,Kannauj
1484,Sambhal
1485,Sultanpur
1486,Hamirpur (UP)
1487,Shrawasti
1488,Etawah
1489,Lalitpur
1490,Shamli
1491,Bhadohi
1492,Mahoba
1493,Hapur
1494,Hathras
1495,Etah
1496,Chandauli
1497,UP Administration & Management Academy
1498,Ambedkar Nagar
1499,Badaun
1500,Sidharth Nagar
1501,Maharajganj
1502,Sant Kabir Nagar
1503,Rai Bareli
1504,Secretariat Administration Deptt.
1505, Uttarakhand
1506,Urban Dev Deptt.
1507,"Food & Civil Supplies and Consumer Protection Deptt,"
1508,UK
1509,Personnel Vigilance
1510,Civil Aviation
1511,Ayush Department
1512,Uttarakhand
1513,Languages Deptt
1514,Women Empowerment & Child Dev Deptt.
1515,Census Operations
1516,Nainital
1517,Medical Health & Family Welfare Deptt.
1518,"Honb""le"
1519,Soldier Welfare Deptt
1520,Housing Deptt
1521,Disaster Mgmt Deptt
1522,Haridwar
1523,Dehradun
1524,Udham Singh Nagar
1525,Micro Small & Medium Enterprises (M.S.M.E.)
1526,Industries
1527,Minorities Welfare & Dev Deptt
1528,Drinking Water & Infrastructure
1529,Pauri
1530,Tehri Garhwal
1531,Pithoragarh
1532,Revenue
1533,Almora
1534,Rural Deptt
1535,Dairy Deptt
1536,Chamoli
1537,Uttarkashi
1538,Champawat
1539,Rudraprayag
1540,Bageshwar
1541,Sugar & Sugarcane Dev.
1542,Cooperative Deptt
1543,Information
1544,Food & Civil Supplies Deptt
1545,Haldwani
1546,Pauri Garhwal
1547,Roorkee
1548,M/o Women & Child Dev
1549,Damodar Valley Corpn (DVC)
1550,West Bengal Valuation Board
1551,West Bengal
1552,M/o Panchayati Raj
1553,MS & ME and T Dept.
1554,Presidency Div. & Burdwan Division.
1555,North 24 Parganas
1556,Kolkata
1557,Hooghly
1558,West Bengal Tribal Development Co-operative Corporation Ltd.
1559,"West Bengal,Financial Corporation in the rank of Senior Spl. Secretary"
1560,South 24 Parganas
1561,Alipurduar
1562,Cooch Behar
1563,West Bengal State Agricultural Marketing Board
1564,Howrah
1565,Nadia
1566,WB State Beverages Corporation
1567,Uttar Dinajpur
1568,KEIIP
1569,Dakshin Dinajpur
1570,Paschim Bardhaman
1571,Murshidabad
1572,Malda
1573,Paschim Medinipur
1574,Purulia
1575,West Bengal Transport Corporation
1576,Registration & Commissioner of Stamp Revenue
1577,Jalpaiguri
1578,Kalimpong
1579,Siliguri
1580,Bankura
1581,Purba Bardhaman
1582,Youth Services & Sports Department
1583,Darjeeling
1584,P & AR
1585,Purba Madinipur
1586,Jhargram
1587,Consumer Affairs Deptt
1588,Birbhum
1589,Animal Resources Dev Deptt
1590,"Mathabhanga,Cooch Behar"
1591,"Tehatta,Nadia"
1592,"Mal,Jalpaiguri"
